first_name,last_name,birthDate,superuser,salutation,academicTitle,email
Salas,Paul,16.06.1976,true,Mr.,Dr.,info@KFY.de
Freeman,Kay,06.02.1988,true,Mrs.,,info@BQV.de
Morris,Michael,17.01.1966,true,Mr.,,info@Deltandor.de
Kelly,Maria,11.06.1971,true,Mrs.,,info@Infinergy.de
Lee,Linda,21.06.1993,true,Mrs.,,info@KEA.de
Martin,Jeanette,29.08.1957,false,Mrs.,,info@TechFlash.de
Bass,Jessica,20.10.1994,false,Mrs.,,info@Russell-Webster.de
Brown,Jacob,03.08.1955,true,Mr.,,info@GXA.de
Lawrence,Nicholas,25.02.2001,true,Mr.,Dr.,info@WOP.de
Mitchell,Joseph,12.04.1978,true,Mr.,,info@Albium.de
Mcgee,John,05.02.1958,true,Mr.,,info@Esceo.de
Collins,Maria,12.04.1969,false,Mrs.,,info@Synaxanum.de
Brown,William,20.11.1955,true,Mr.,,info@URF.de
Thompson,Lorraine,02.06.2001,false,Mrs.,,info@VentureSoft.de
White,Denise,24.12.1995,true,Mrs.,,info@CCV.de
Brown,Mario,08.02.1972,false,Mr.,,info@Walter-Cole.de
Massey,Linda,31.08.1962,false,Mrs.,,info@SKE.de
Martinez,Jeff,28.07.1989,false,Mr.,,info@JTD.de
Nelson,John,03.01.1973,true,Mr.,,info@Jonathan-Mitchell.de
Rios,Julie,04.09.1999,true,Mrs.,Dr.,info@Elmos.de
Simon,John,26.06.1979,true,Mr.,,info@SiliconZone.de
Frazier,William,09.10.1992,false,Mr.,,info@Jack-Jenkins.de
Chen,Naomi,20.12.1996,true,Mrs.,,info@SolarFlash.de
Fernandez,Margaret,02.02.1996,true,Mrs.,Dr.,info@CyberStation.de
Dillard,Catherine,02.04.1978,true,Mrs.,,info@Charles-Valdez.de
Brown,Mark,21.07.1956,false,Mr.,,info@TeleSpace.de
Carr,Elvira,09.08.1983,false,Mrs.,,info@MicroSystems.de
Blankenship,Margie,03.03.1995,false,Mrs.,,info@Entrion.de
Tucker,Daniel,19.05.1986,false,Mr.,,info@MicroBot.de
Jones,Jennifer,26.11.1959,true,Mrs.,,info@Gary-Miller.de
Robbins,Carl,04.10.1976,true,Mr.,,info@YLW.de
Williams,Catherine,21.08.1973,false,Mrs.,,info@Alional.de
Robinson,Kevin,21.08.1999,false,Mr.,,info@VUV.de
Bell,Anita,09.06.1959,false,Mrs.,,info@Procis.de
Herrera,Michael,23.12.1979,true,Mr.,,info@ObjectCom.de
Burgess,Peggy,07.11.1963,true,Mrs.,,info@BCV.de
Jennings,Laura,17.04.1996,false,Mrs.,,info@YourWare.de
Robinson,Morgan,04.03.1989,true,Mrs.,Dr.,info@John-White.de
Wallace,Thelma,06.01.1994,false,Mrs.,,info@ClickSet.de
Ferguson,Brandon,02.05.1967,true,Mr.,,info@Cintia.de
Woods,Clayton,09.09.1989,true,Mr.,,info@Tognina.de
Allen,Margaret,06.04.1980,true,Mrs.,,info@Nathan-Phillips.de
Blevins,Joseph,09.01.1975,true,Mr.,,info@DynaScout.de
Martinez,Joseph,19.01.1992,true,Mr.,,info@GHX.de
Jackson,John,05.10.1974,false,Mr.,,info@Alstrentis.de
Walsh,Roland,14.08.1964,true,Mr.,,info@Surtium.de
Kim,Phillip,25.01.1976,false,Mr.,,info@CodeCity.de
Vance,Norman,28.09.1963,false,Mr.,,info@John-Dyer.de
Miller,Viola,12.11.1974,true,Mrs.,,info@IYJ.de
Fernandez,Mary,31.10.1965,false,Mrs.,,info@Paccon.de
Perez,Clifford,16.01.1959,false,Mr.,,info@Colanum.de
Goodwin,Ricky,02.03.1958,false,Mr.,,info@DRB.de
Wilson,Charles,02.10.1970,false,Mr.,,info@XPV.de
Hughes,Jill,16.07.1970,true,Mrs.,,info@MindBit.de
King,Duane,05.04.1998,true,Mr.,,info@TradeCity.de
Campbell,Imelda,14.04.1956,false,Mrs.,,info@TLX.de
Martinez,Joseph,12.06.1991,true,Mr.,,info@AutoBase.de
Hill,William,01.08.1966,true,Mr.,,info@Agros.de
Holmes,Dustin,22.11.1965,true,Mr.,,info@Kevin-Landry.de
Golden,Ronald,05.01.1983,true,Mr.,,info@OEF.de
Mathews,Patricia,19.10.1994,true,Mrs.,,info@TradeSoft.de
Gonzalez,Gordon,18.07.1995,true,Mr.,,info@SmartBase.de
Williams,Peggy,16.03.1971,true,Mrs.,,info@TeleSet.de
Bryant,Thomas,06.01.1980,true,Mr.,,info@VQK.de
Monroe,Misty,01.09.1998,true,Mrs.,,info@SmartSystems.de
Dunn,Robert,01.04.1970,true,Mr.,,info@JHF.de
Ortiz,Fernando,20.09.1983,false,Mr.,,info@NEZ.de
Ayers,Barbara,25.09.1999,true,Mrs.,,info@TMT.de
Peterson,Pamela,21.03.1998,false,Mrs.,,info@Belas.de
Conway,Jacqueline,24.01.1957,false,Mrs.,,info@HomeWire.de
White,William,10.10.1985,true,Mr.,,info@Celoni.de
Woods,Tiffany,06.02.1963,true,Mrs.,Dr.,info@BBY.de
Irwin,Alfred,15.03.1984,false,Mr.,,info@FreeWare.de
Wilson,Larry,24.08.1975,false,Mr.,,info@Epcina.de
Terry,Catherine,15.11.1980,false,Mrs.,,info@Alstrotec.de
Stark,Sallie,09.01.1987,false,Mrs.,,info@Eric-Cruz.de
Bryant,Kenneth,01.09.1991,false,Mr.,,info@Wiless.de
Cross,Amy,12.07.1969,true,Mrs.,,info@Albas.de
Lewis,David,23.12.1965,false,Mr.,,info@Epcalon.de
Harris,Stephen,08.10.1990,false,Mr.,,info@Lindum.de
Nelson,Augusta,05.07.1983,false,Mrs.,,info@Elmor.de
Johnson,Josephine,19.04.1985,false,Mrs.,,info@DynaStar.de
Turner,Edward,30.10.1991,true,Mr.,,info@Michael-Travis.de
Farrell,Sandra,30.06.1990,true,Mrs.,,info@Darryl-Boyd.de
Wheeler,Gary,18.06.2000,true,Mr.,,info@EAV.de
Johnson,Jonathan,06.01.1982,true,Mr.,,info@QAB.de
Tucker,Elizabeth,11.11.1972,false,Mrs.,,info@Illumicom.de
Adams,Patricia,06.02.1970,true,Mrs.,,info@Thomas-Hatfield.de
Lewis,Shirley,09.05.1955,true,Mrs.,Dr.,info@QLR.de
Hernandez,Amy,01.05.1981,true,Mrs.,,info@VJL.de
Bishop,Tommy,10.01.2000,false,Mr.,,info@CompuShop.de
Munoz,Tracy,29.04.1968,true,Mrs.,,info@Claude-Erickson.de
Wilson,Gabriel,02.07.1999,true,Mr.,,info@IJV.de
Franklin,Martha,09.03.1981,true,Mrs.,,info@UOL.de
Morgan,Alexandra,13.10.1968,false,Mrs.,,info@Herbert-Weaver.de
Carter,Paul,07.01.1997,true,Mr.,,info@Centrion.de
Mccormick,Henry,14.11.1979,true,Mr.,,info@HIP.de
Ingram,Janelle,31.03.1959,true,Mrs.,,info@Entrandor.de
Wright,Melissa,02.01.1972,true,Mrs.,,info@SolarStar.de
Robertson,Sonya,17.04.1963,false,Mrs.,Dr.,info@John-Alston.de
Jones,Brenda,24.01.1977,true,Mrs.,,info@HVF.de
Hernandez,Dolores,20.09.1998,false,Mrs.,,info@Robert-Scott.de
Smith,Marie,22.02.1966,false,Mrs.,,info@VentureDirect.de
Carpenter,Josefina,08.09.1990,true,Mrs.,,info@Vernon-Atkins.de
Dawson,Jacquelyn,27.02.1985,false,Mrs.,,info@Conium.de
Bean,Amber,11.03.1982,false,Mrs.,,info@MAW.de
Ross,Jim,30.04.1964,true,Mr.,,info@TechTech.de
Carey,Lillian,03.03.1968,true,Mrs.,,info@XIN.de
Phelps,Kathleen,30.11.1996,true,Mrs.,,info@ObjectMart.de
Hays,Doris,14.03.1989,false,Mrs.,,info@VVB.de
Donovan,Joshua,06.06.1974,false,Mr.,,info@KPW.de
Mccoy,Sandra,12.08.1978,true,Mrs.,,info@Deltotec.de
Jimenez,James,02.04.1978,false,Mr.,,info@BookSphere.de
Thompson,Alvin,14.09.1989,true,Mr.,,info@Centrentis.de
Manning,Harold,16.10.1998,true,Mr.,,info@Orbium.de
Parker,Craig,31.12.2000,false,Mr.,,info@Bernard-Reid.de
Doyle,Ralph,29.04.1979,false,Mr.,,info@BookWorld.de
Griffith,Tony,29.12.1984,false,Mr.,,info@Aurulus.de
Saunders,John,29.06.1999,true,Mr.,,info@Darren-Fulton.de
Williams,Rosemarie,17.01.1977,false,Mrs.,,info@CEJ.de
Pratt,Gary,09.02.1956,true,Mr.,,info@MBX.de
Jones,Adrian,12.11.1987,false,Mr.,,info@LinkBox.de
Thompson,Kimberly,30.07.1978,true,Mrs.,,info@ERQ.de
Shaw,Dave,07.01.1996,false,Mr.,,info@Solada.de
Douglas,Richard,27.11.1955,true,Mr.,,info@EOE.de
Stewart,Larry,15.11.1963,false,Mr.,,info@IND.de
Lopez,Roy,14.08.1986,true,Mr.,,info@NanoWorld.de
Rios,Richard,31.12.1977,false,Mr.,,info@FreeBot.de
Johnston,Maureen,30.07.1966,true,Mrs.,,info@DynaBox.de
Brown,Tamara,12.02.1993,true,Mrs.,,info@Artera.de
Barker,Stephanie,21.10.1992,true,Mrs.,,info@ORD.de
Carter,Vicki,24.04.1994,true,Mrs.,,info@YDO.de
Wilson,Tamara,25.02.1974,true,Mrs.,,info@HSK.de
Cooper,Lisa,07.11.1959,false,Mrs.,,info@Larry-Mcmillan.de
Frank,Robert,02.04.1970,true,Mr.,,info@SmartSet.de
Gray,Tina,12.03.2001,false,Mrs.,,info@Tom-Vasquez.de
Smith,Bruce,27.11.1974,true,Mr.,,info@Thomas-Christensen.de
Smith,Martin,05.06.1973,true,Mr.,,info@SiliconBot.de
Rollins,Mario,30.10.1977,false,Mr.,,info@ZPL.de
Ewing,Leah,25.08.2001,true,Mrs.,,info@VIU.de
Stephenson,Chris,08.10.1999,false,Mr.,,info@KJL.de
Wilkins,Douglas,11.05.1967,false,Mr.,,info@Surtes.de
Lee,Chris,20.07.1960,true,Mr.,,info@ClickShop.de
Benton,Ronald,27.03.1982,true,Mr.,,info@Tracy-Richardson.de
Wise,Ralph,10.03.1977,true,Mr.,,info@ICO.de
Jenkins,Arthur,23.04.1991,true,Mr.,,info@Vernon-Frazier.de
Hale,Edward,02.06.1960,false,Mr.,,info@LinkCity.de
Mcpherson,Bradley,03.06.1981,false,Mr.,,info@Curas.de
Love,Marie,05.10.1976,true,Mrs.,,info@Glen-Walker.de
Hall,Bettie,17.04.1983,true,Mrs.,,info@Albert-Lambert.de
Drake,Jesse,01.01.1956,false,Mr.,,info@Infineon.de
Robinson,Kathryn,16.06.1988,true,Mrs.,,info@SiliconSoft.de
Williams,James,10.05.1983,false,Mr.,,info@Pentis.de
Fuller,Tammy,10.09.1974,false,Mrs.,,info@BLH.de
Ramos,Frank,23.03.1998,false,Mr.,,info@Polor.de
Flowers,Rose,10.12.1955,false,Mrs.,,info@Ronald-Rivera.de
Benson,Rick,03.12.1955,true,Mr.,,info@Mindology.de
Shannon,Annie,26.05.1979,false,Mrs.,,info@MindWare.de
Patterson,Jeffery,27.10.1983,true,Mr.,,info@JGL.de
Chavez,Jean,12.06.2001,false,Mrs.,,info@WOL.de
Smith,Kathleen,01.02.1985,true,Mrs.,,info@InfoTech.de
Graves,Antonio,31.07.2000,false,Mr.,,info@Surtandor.de
Richard,Robert,25.05.1973,false,Mr.,,info@Procergy.de
Young,Tina,07.05.1986,false,Mrs.,,info@CompuCard.de
Smith,James,16.01.1963,true,Mr.,,info@Lawrence-Dominguez.de
Morgan,John,21.11.1958,true,Mr.,,info@Surton.de
James,Melvin,15.03.2002,true,Mr.,Dr.,info@Singesio.de
Rodriquez,Erma,14.10.1990,true,Mrs.,,info@WTE.de
Todd,Lizzie,14.09.1988,false,Mrs.,,info@Carl-Mendoza.de
Craft,Mattie,08.07.1993,false,Mrs.,,info@David-Ratliff.de
Johnson,Kenneth,27.09.1973,false,Mr.,,info@AVQ.de
Estrada,Robin,08.02.1983,true,Mrs.,Dr.,info@John-Robertson.de
Burke,Terry,07.12.1958,false,Mr.,,info@Carlos-Thompson.de
Lopez,Joseph,09.02.1962,false,Mr.,,info@CompuQuest.de
Roberts,Rachel,05.07.1982,true,Mrs.,,info@ClickSpace.de
May,Karl,25.10.1966,false,Mr.,,info@YFZ.de
Parks,Dorthy,07.07.1969,true,Mrs.,,info@Elas.de
Jarvis,Joshua,24.11.1982,true,Mr.,,info@DigiQuest.de
Guzman,Catherine,13.03.2000,true,Mrs.,Dr.,info@YFD.de
Wallace,Frank,11.06.1977,false,Mr.,,info@Arcon.de
Clarke,Jessica,31.01.1960,false,Mrs.,Dr.,info@Agrandor.de
Rodriguez,Meredith,12.09.1981,true,Mrs.,,info@WebCity.de
Johnson,Gladys,11.03.1977,false,Mrs.,,info@Altum.de
Anderson,Ronald,02.11.1994,false,Mr.,,info@BookDirect.de
Ray,Michael,06.10.1979,false,Mr.,,info@KSS.de
Lucas,Kimberly,15.01.2001,false,Mrs.,,info@Epcar.de
Tucker,Monica,01.08.1976,false,Mrs.,,info@ObjectForge.de
Jordan,Pedro,24.08.1963,false,Mr.,,info@Delteo.de
Porter,Angela,22.09.1985,false,Mrs.,,info@Charles-Martinez.de
Wall,Kathryn,16.04.1973,false,Mrs.,,info@YourStar.de
Hall,Donald,29.04.1986,true,Mr.,,info@RealBot.de
Walker,Paula,20.03.1995,true,Mrs.,,info@DataSoft.de
Gates,Albert,15.03.1977,false,Mr.,,info@Paul-Nicholson.de
Graves,Coleen,26.05.1988,true,Mrs.,,info@Lanxada.de
Miller,Jim,02.11.1964,true,Mr.,,info@MySoft.de
Moore,Eric,31.03.1995,false,Mr.,,info@UXJ.de
Edwards,Joseph,20.07.1979,false,Mr.,,info@Pulseo.de
Macias,Adele,25.04.1987,true,Mrs.,,info@BitMart.de
Patterson,Mildred,01.05.1995,false,Mrs.,,info@William-Swanson.de
Burks,Scott,21.11.1975,true,Mr.,,info@YourSphere.de
Gamble,Diana,18.01.1985,false,Mrs.,,info@Carl-Lee.de
Williams,Cindy,22.03.1995,false,Mrs.,,info@WXV.de
Conner,Ronald,02.11.1973,true,Mr.,,info@Todd-Harris.de
Ward,Kathleen,17.05.1992,false,Mrs.,,info@Kontris.de
Perez,Bethany,07.02.1984,false,Mrs.,,info@JCC.de
Clark,Albert,14.09.1988,false,Mr.,,info@Sartexis.de
Williams,Keith,31.07.1987,true,Mr.,,info@DataDirect.de
Valdez,Michael,27.05.1958,true,Mr.,,info@LinkFlash.de
Atkinson,Laura,24.01.1997,true,Mrs.,,info@Elion.de
Rogers,Juan,15.07.1966,false,Mr.,,info@KTF.de
Johnson,Janice,22.04.1961,true,Mrs.,,info@YourStation.de
Williams,Rita,14.10.1982,true,Mrs.,,info@FreeShop.de
Olson,Adriana,07.01.1992,true,Mrs.,,info@Kontris.de
Hughes,Candice,23.04.1988,true,Mrs.,,info@PJC.de
Hill,Rhonda,04.09.2001,true,Mrs.,,info@RYE.de
Jones,Opal,28.02.1969,true,Mrs.,,info@Pulsium.de
Rutledge,Daniel,27.08.1993,false,Mr.,,info@PAB.de
Harris,Lorraine,31.01.1987,true,Mrs.,,info@KUX.de
Bennett,Pamela,11.06.1975,false,Mrs.,,info@YEV.de
Williams,Brandon,09.06.1981,true,Mr.,,info@Tom-Mcfadden.de
Ross,John,28.03.1968,false,Mr.,,info@John-Hudson.de
Jones,Charlie,19.04.1986,false,Mr.,,info@HotStation.de
Lane,Scott,29.03.1987,true,Mr.,Dr.,info@Polion.de
Williams,Steven,20.12.1968,true,Mr.,,info@Altium.de
Lee,Jon,24.04.1981,true,Mr.,,info@IFW.de
Walls,Denise,29.07.1961,true,Mrs.,,info@Cephon.de
Wallace,Billie,13.04.1964,true,Mrs.,,info@LinkCast.de
Murray,Kyle,13.12.1992,false,Mr.,,info@VentureQuest.de
Lawson,George,05.01.1989,true,Mr.,,info@Michael-Hampton.de
Doyle,Billy,16.12.1962,false,Mr.,,info@Agrandor.de
Scott,John,13.09.1956,true,Mr.,,info@DynaSpace.de
Huber,Raymond,05.03.1966,true,Mr.,,info@RCN.de
Mason,Jennifer,12.06.1966,false,Mrs.,,info@Medanum.de
Scott,Richard,30.05.1961,false,Mr.,,info@Sartana.de
Lewis,Andre,18.11.1973,false,Mr.,,info@GZY.de
Thomas,Cynthia,26.10.1987,false,Mrs.,,info@OYE.de
Conner,Virginia,02.11.2001,false,Mrs.,Dr.,info@Kevin-Holloway.de
Carey,Mary,03.07.1967,true,Mrs.,,info@YourTech.de
Bell,Pauline,05.11.1998,false,Mrs.,Dr.,info@ClickFlash.de
Bailey,Daniel,07.03.1989,true,Mr.,,info@Escium.de
Hess,Steven,25.09.1959,false,Mr.,,info@TeleQuest.de
Kent,Edward,31.03.1993,false,Mr.,,info@Leergy.de
Sparks,Jennifer,04.10.1974,true,Mrs.,,info@QEG.de
Shepard,George,21.11.1977,false,Mr.,,info@Andrew-Graham.de
Walker,Matthew,16.05.1966,true,Mr.,,info@PVE.de
Watkins,Polly,29.10.1983,true,Mrs.,Dr.,info@Ronald-Lawson.de
Pearson,Sherry,03.11.1958,false,Mrs.,,info@Kontrina.de
Hill,Edward,26.01.1999,true,Mr.,,info@Douglas-Flowers.de
Flowers,Brandon,12.05.1961,false,Mr.,,info@Rator.de
Jones,Maxine,30.04.1962,true,Mrs.,,info@NMG.de
Taylor,Susan,22.10.1956,false,Mrs.,,info@DynaShop.de
Hill,Michelle,22.07.1961,true,Mrs.,,info@Donald-Rose.de
Clark,Emma,19.06.1988,false,Mrs.,,info@Belion.de
Barton,Joyce,23.03.1997,true,Mrs.,,info@RUL.de
Guerrero,John,23.07.1993,false,Mr.,,info@Ralph-Clayton.de
Davis,Ada,17.04.1969,false,Mrs.,,info@Alium.de
Reynolds,Angelina,06.05.1962,true,Mrs.,,info@OHI.de
Johnson,Joseph,02.04.1963,false,Mr.,,info@NanoVision.de
White,Jeffrey,24.10.1987,false,Mr.,,info@BFL.de
Buchanan,Robert,11.09.1966,true,Mr.,Dr.,info@DVV.de
Rodgers,Martin,20.01.1977,true,Mr.,,info@EWT.de
Obrien,Michele,18.01.1969,true,Mrs.,,info@MCD.de
Johnson,William,25.05.1987,true,Mr.,,info@ClickCity.de
Leach,Marjorie,17.12.1975,false,Mrs.,Dr.,info@SolarWire.de
Moore,Robert,11.05.1991,true,Mr.,,info@Michael-Freeman.de
Martinez,Albert,31.01.1995,true,Mr.,,info@EHV.de
Williams,Janette,10.12.1993,false,Mrs.,,info@Kevin-Smith.de
Merritt,Douglas,18.12.1992,true,Mr.,,info@Michael-Abbott.de
Jones,Judy,20.02.1980,true,Mrs.,Dr.,info@Christopher-Smith.de
Cooper,Brian,26.10.1968,false,Mr.,,info@TradeBox.de
Thompson,Mary,21.03.1989,false,Mrs.,,info@RealSystems.de
Avila,Barbara,09.12.1962,false,Mrs.,,info@Soleco.de
Morris,Ronnie,29.03.1985,true,Mr.,,info@VNS.de
Gaines,Herman,18.07.1980,true,Mr.,,info@Karl-White.de
Gardner,Donna,07.12.1993,false,Mrs.,,info@Edward-Johnson.de
Robertson,Dena,29.06.1963,false,Mrs.,,info@Envia.de
Cole,Maxine,06.02.1966,false,Mrs.,,info@Lanxada.de
Walker,Robert,21.11.1957,true,Mr.,,info@LYQ.de
Turner,William,11.12.1959,true,Mr.,,info@Agrotec.de
Barnes,Brian,13.03.1969,false,Mr.,,info@InfoSystems.de
Perry,Francisco,27.08.1968,true,Mr.,,info@Michael-Figueroa.de
Morgan,Helene,09.10.1982,true,Mrs.,,info@Michael-Sanford.de
Reid,David,04.12.1998,true,Mr.,,info@Barry-Hudson.de
Henry,James,07.01.1969,false,Mr.,,info@FreeCast.de
Palmer,Eric,29.04.1971,false,Mr.,,info@Charles-Garza.de
Ingram,Marjorie,28.11.1965,false,Mrs.,,info@Charles-Webster.de
Stephens,Troy,30.09.1991,true,Mr.,,info@Matthew-Thomas.de
Delaney,Janette,12.05.1964,true,Mrs.,,info@TZN.de
Williams,Amy,19.04.1966,true,Mrs.,Dr.,info@Colis.de
Ratliff,Edwin,24.05.1981,true,Mr.,,info@SmartQuest.de
Patton,Judith,01.01.1965,false,Mrs.,,info@Envis.de
James,Sandra,23.07.1988,false,Mrs.,,info@Infinon.de
Richardson,Sharon,30.04.1967,false,Mrs.,Dr.,info@GigaShop.de
Campbell,Greg,06.10.1983,false,Mr.,,info@BMJ.de
Brown,Casey,03.09.1971,false,Mr.,Dr.,info@Andrew-Fields.de
Allison,Joel,20.08.2001,true,Mr.,,info@VentureVision.de
Abbott,Jamie,27.09.1961,false,Mrs.,Dr.,info@VIF.de
Adams,Michael,21.02.1973,false,Mr.,,info@Aves.de
Hernandez,Wade,22.03.1972,true,Mr.,,info@Jeff-Myers.de
Montgomery,Paul,05.04.1985,false,Mr.,,info@BookZone.de
Burns,Alfredo,17.04.1977,true,Mr.,Dr.,info@PAL.de
Cole,John,06.12.1986,true,Mr.,,info@YVQ.de
Guthrie,Cheryl,08.08.1963,true,Mrs.,,info@Kontror.de
Marsh,Sharon,06.04.1994,true,Mrs.,,info@PowerMart.de
Brown,Cory,08.10.1955,false,Mr.,,info@Leium.de
Peterson,Frank,09.01.1976,true,Mr.,Dr.,info@TQK.de
Zimmerman,Henry,04.08.1996,true,Mr.,,info@Evis.de
Velez,Christina,27.05.1969,true,Mrs.,,info@Pulsion.de
Smith,Christy,24.02.1960,false,Mrs.,,info@WMY.de
Howard,Frank,21.11.1996,false,Mr.,,info@Paul-Kline.de
Henderson,Eugene,18.07.1967,false,Mr.,Dr.,info@Curotec.de
Bailey,Andy,14.04.1972,true,Mr.,,info@Entres.de
Duncan,Elizabeth,18.06.1985,false,Mrs.,,info@CompuSpace.de
Carr,Donna,12.07.1994,false,Mrs.,,info@Daniel-Pope.de
Kim,Lottie,28.11.1956,false,Mrs.,,info@Alfred-Mckinney.de
Phillips,David,23.12.2001,false,Mr.,,info@TeleForge.de
Moore,Ruth,18.12.1982,true,Mrs.,,info@FreeSpace.de
Baxter,William,10.05.1978,true,Mr.,,info@Escium.de
Young,Barbara,20.08.1967,false,Mrs.,,info@James-Griffin.de
Ward,Troy,14.10.1975,false,Mr.,,info@Scott-Perez.de
Moore,Juanita,20.03.1957,true,Mrs.,,info@Pulseon.de
Hill,Michelle,28.01.1957,false,Mrs.,,info@Richard-Thompson.de
Roberson,David,17.02.1970,true,Mr.,,info@HomeQuest.de
Woods,Susan,19.12.1993,false,Mrs.,,info@Angel-Aguirre.de
Morales,Jeffrey,27.10.1971,true,Mr.,,info@Infinotec.de
Walls,Ross,22.02.1967,true,Mr.,,info@Raymond-Bowen.de
Marshall,Clayton,20.12.1984,false,Mr.,,info@John-Wilson.de
Johnson,Amy,14.05.1955,true,Mrs.,,info@FXM.de
Mcintyre,Anthony,17.10.1982,false,Mr.,,info@AutoCity.de
Farrell,Donald,06.01.1997,false,Mr.,,info@TBN.de
Lambert,Charles,28.08.1965,true,Mr.,,info@HVX.de
Stevenson,Deborah,04.08.1958,false,Mrs.,,info@David-Jordan.de
Lindsey,John,29.05.1990,false,Mr.,Dr.,info@Celia.de
Hansen,Rebecca,22.03.1979,false,Mrs.,,info@Edward-Valdez.de
Hudson,Belinda,02.06.1955,false,Mrs.,Dr.,info@Arquexon.de
Lamb,Earl,08.07.1995,false,Mr.,,info@Terry-Bates.de
Reynolds,Holly,12.07.1997,true,Mrs.,,info@QJH.de
Johnson,Sheree,29.04.1964,false,Mrs.,,info@AEY.de
Avery,Mary,11.01.1960,false,Mrs.,,info@Edward-Martinez.de
Dawson,James,20.04.1982,false,Mr.,,info@Jesse-Foster.de
Martinez,Randy,27.07.1970,true,Mr.,,info@BOC.de
Gilmore,Justin,31.05.1975,false,Mr.,,info@William-Smith.de
Nguyen,Ivan,10.08.1963,true,Mr.,,info@Synaxoni.de
Avery,Steve,14.05.1958,false,Mr.,,info@CompuStation.de
Mcmillan,Benjamin,13.12.1974,false,Mr.,,info@Medex.de
Marsh,Mark,15.04.1962,false,Mr.,,info@Ales.de
Cummings,Herbert,02.03.1963,false,Mr.,,info@TechBit.de
Morris,Elizabeth,30.10.1997,true,Mrs.,,info@Alstrum.de
Matthews,Michele,22.04.1955,true,Mrs.,,info@SXM.de
Long,Ronnie,26.02.1992,false,Mr.,,info@Bill-Hansen.de
Moon,Viola,21.01.1958,true,Mrs.,,info@Surtana.de
Rice,Mark,19.02.1965,true,Mr.,,info@Daniel-Jones.de
Simmons,Walter,27.10.1975,true,Mr.,,info@NKN.de
Morris,Mary,22.12.1988,true,Mrs.,,info@QXD.de
Morrison,Karen,13.12.1991,false,Mrs.,,info@Elmicom.de
Tyler,Charles,16.10.1969,false,Mr.,,info@XYM.de
Butler,Monica,19.09.1965,true,Mrs.,,info@QXQ.de
Pierce,Virginia,07.06.1981,true,Mrs.,,info@DigiFlash.de
Craft,Terry,09.03.1993,true,Mrs.,,info@Richard-Garcia.de
Alexander,Michael,09.05.1957,true,Mr.,,info@Zachary-Simon.de
Hancock,Blanche,18.01.1975,false,Mrs.,,info@Proceo.de
Hickman,William,09.12.1964,false,Mr.,,info@KCI.de
Jones,Lorena,07.03.1984,true,Mrs.,,info@BitSet.de
Beach,Casey,08.02.1977,true,Mr.,,info@Christopher-Wilcox.de
Carlson,Jeffrey,06.03.1976,true,Mr.,Dr.,info@CyberQuest.de
Martin,Julia,04.03.2000,false,Mrs.,,info@Sartos.de
Boone,Charles,24.01.1966,true,Mr.,,info@DHE.de
Jones,Jane,01.06.1993,false,Mrs.,,info@Infinion.de
Lawson,Andrew,31.07.1967,false,Mr.,,info@Matthew-Barlow.de
Robertson,Ashley,07.06.1984,true,Mrs.,,info@Victor-Henderson.de
Martin,William,10.08.1955,true,Mr.,,info@IBI.de
Nguyen,Esther,11.03.1985,true,Mrs.,,info@COP.de
Black,Corey,22.01.1993,false,Mr.,,info@FreeFlash.de
Mills,Shawn,15.12.1994,false,Mr.,Dr.,info@Elmor.de
Nelson,Ida,21.12.1977,false,Mrs.,,info@VentureWare.de
Anderson,Petra,25.12.1986,false,Mrs.,Dr.,info@Infinesio.de
Oneal,Amanda,18.07.1989,true,Mrs.,,info@Eric-Vasquez.de
Castro,Melanie,30.04.1981,false,Mrs.,,info@Infinium.de
Pope,Joseph,17.03.2002,true,Mr.,,info@HCX.de
Cook,Angelica,14.03.1989,true,Mrs.,,info@Robert-Williams.de
Morrison,Carol,25.12.1987,true,Mrs.,,info@JEE.de
Wolfe,Donald,13.08.1987,true,Mr.,,info@Belotec.de
Brennan,Nathan,14.02.1958,true,Mr.,,info@Artada.de
Mills,Judith,13.04.1999,true,Mrs.,,info@Auron.de
Dixon,Maria,24.12.1962,true,Mrs.,,info@Evanum.de
Franco,James,03.07.1973,false,Mr.,,info@HotWare.de
Kent,Karen,10.06.1959,true,Mrs.,Dr.,info@BookBot.de
Gomez,Mark,24.05.1987,false,Mr.,,info@HotFlash.de
Quinn,Todd,19.07.1971,true,Mr.,,info@QUY.de
Hill,Vickie,04.06.1967,false,Mrs.,,info@Sean-Ruiz.de
Johnson,Dolores,22.05.1958,true,Mrs.,,info@SiliconSoft.de
Davidson,Ian,04.08.1985,false,Mr.,,info@LinkSet.de
Wilkinson,Leann,01.10.1963,true,Mrs.,,info@Evon.de
Moon,Glenn,05.02.1997,false,Mr.,,info@OXS.de
Castro,Joshua,25.09.1966,true,Mr.,,info@Barry-Brooks.de
Steele,Maria,30.10.1970,true,Mrs.,,info@NGE.de
Best,Gwen,31.08.1998,false,Mrs.,,info@FOO.de
Holland,Brian,26.12.1991,false,Mr.,,info@Leon.de
Curry,Elizabeth,10.03.1974,true,Mrs.,Dr.,info@DynaWare.de
Wood,Maryann,25.04.1997,true,Mrs.,,info@Synaxina.de
Johnson,Carolina,18.07.1992,true,Mrs.,,info@Parina.de
Griffin,Tracey,15.07.1987,true,Mrs.,,info@HomeCity.de
Cross,Theresa,03.08.1986,true,Mrs.,,info@William-Hensley.de
Townsend,Kerri,14.07.1975,false,Mrs.,,info@SUQ.de
Jones,Herman,27.09.1963,true,Mr.,,info@NanoBit.de
Holmes,Robert,15.04.1973,true,Mr.,,info@LGQ.de
Osborne,Elizabeth,13.09.1955,true,Mrs.,,info@NanoSystems.de
Parker,James,15.11.1993,false,Mr.,,info@Alstrexis.de
Rodgers,George,23.04.1970,false,Mr.,Dr.,info@YourSystems.de
Rodriguez,William,19.02.1997,false,Mr.,,info@Evium.de
Reynolds,Mary,01.02.1994,true,Mrs.,,info@Artanum.de
Malone,Monica,18.07.1988,true,Mrs.,,info@Danny-King.de
Thompson,Raquel,26.10.1979,true,Mrs.,,info@WireNet.de
Terrell,Joan,01.10.1978,true,Mrs.,,info@VentureStation.de
Davis,Mark,18.02.1977,false,Mr.,,info@JIO.de
Stephens,David,27.08.1990,false,Mr.,,info@FDL.de
Gordon,James,22.04.1980,false,Mr.,,info@AutoWire.de
Frazier,Aaron,21.06.1956,true,Mr.,,info@Joseph-Smith.de
Nelson,Brian,30.06.1962,false,Mr.,,info@NWB.de
Holland,Melvin,10.02.1961,true,Mr.,,info@QNC.de
Keller,Danny,15.04.1958,false,Mr.,,info@AutoMart.de
Butler,Dustin,21.05.1963,false,Mr.,,info@Gary-Ward.de
Clark,Michelle,28.08.1957,true,Mrs.,,info@VOD.de
Diaz,Brian,30.05.1994,true,Mr.,,info@CompuMart.de
Kidd,Judith,11.06.1972,true,Mrs.,,info@Francis-Lee.de
Gonzalez,Jerry,02.04.1993,true,Mr.,,info@CyberSpace.de
Walker,Anne,09.07.1967,true,Mrs.,,info@Michael-Santana.de
Graves,Richard,14.04.1988,false,Mr.,,info@Pulsulus.de
Rowe,Herman,28.05.1996,true,Mr.,,info@Tencor.de
Gray,Kevin,07.04.1975,false,Mr.,Dr.,info@Codeology.de
Keller,Henry,17.03.1990,false,Mr.,,info@VIV.de
Reese,Thomas,09.01.1989,true,Mr.,,info@Tencor.de
Barnes,Pearl,16.03.1982,false,Mrs.,,info@Envexon.de
Holland,Matthew,16.01.1971,true,Mr.,,info@BitQuest.de
Brown,Vincent,07.07.1982,true,Mr.,,info@Esceco.de
Foster,Lela,11.08.1978,false,Mrs.,,info@MUL.de
Jones,Marilyn,09.04.1979,true,Mrs.,,info@Herbert-Holder.de
Hancock,Jessica,19.11.1982,true,Mrs.,,info@Michael-Garcia.de
Howell,Cheryl,19.12.1956,true,Mrs.,,info@UTD.de
Dalton,Lorena,05.12.1988,false,Mrs.,,info@Thomas-Gentry.de
Lopez,Margaret,11.12.1994,true,Mrs.,,info@Parotec.de
Pratt,Patrick,05.07.1965,true,Mr.,,info@Leotec.de
Foster,William,04.01.1983,true,Mr.,,info@SiliconWorks.de
Lopez,Teresa,27.01.1970,false,Mrs.,,info@Brian-Patterson.de
Wilkerson,Ronald,11.02.1972,true,Mr.,,info@Alstrorius.de
Wilkins,Ronda,24.04.1968,false,Mrs.,,info@Rafael-May.de
Williamson,Roger,17.01.1993,false,Mr.,,info@Cinton.de
Shelton,Angela,28.12.1965,true,Mrs.,,info@ClickBot.de
Wilson,Donald,30.08.1959,false,Mr.,,info@SED.de
Lang,Bobby,25.03.1985,false,Mr.,,info@HYM.de
English,Joseph,29.11.1975,true,Mr.,,info@YHH.de
Frost,Stella,13.02.1988,false,Mrs.,,info@AutoStar.de
Carr,Sheryl,30.08.1977,true,Mrs.,,info@HXR.de
Delaney,Judy,10.03.1963,false,Mrs.,,info@Nanoology.de
Harper,Martha,14.06.1970,true,Mrs.,,info@Curicom.de
Blake,Judy,06.01.1986,true,Mrs.,,info@Artar.de
Moon,Andrew,12.06.1987,true,Mr.,,info@Michael-Hall.de
Simmons,Brandy,01.12.1986,false,Mrs.,Dr.,info@Edgar-Bell.de
Davenport,Rita,09.04.1965,true,Mrs.,,info@Paccon.de
Olson,Claire,18.03.1990,false,Mrs.,,info@Fred-Munoz.de
Miller,Albert,08.06.1995,false,Mr.,,info@YourCom.de
White,Debbie,14.02.1966,true,Mrs.,,info@Pulsor.de
Young,Laura,09.01.1964,true,Mrs.,,info@VentureZone.de
Weaver,Jo,07.02.1966,false,Mrs.,,info@ObjectBot.de
Young,Freda,05.02.1958,true,Mrs.,,info@Paul-Hardy.de
Cunningham,Bonita,24.03.1996,true,Mrs.,,info@Charles-Ramirez.de
Walters,Roberto,13.09.1979,false,Mr.,,info@IGB.de
Owen,Casey,06.11.1987,true,Mrs.,,info@OMG.de
Thomas,Robert,26.06.1969,false,Mr.,,info@Daryl-Briggs.de
Turner,Joshua,10.05.1968,false,Mr.,,info@FJP.de
Solis,Stephanie,11.07.1978,true,Mrs.,,info@PZQ.de
Weeks,Ramon,14.06.1969,false,Mr.,,info@CompuSet.de
Mitchell,Alice,17.08.1981,true,Mrs.,Dr.,info@BookVision.de
Foster,Sylvia,24.12.1965,false,Mrs.,,info@DigiBit.de
Collins,Janet,28.03.1959,true,Mrs.,,info@DynaBot.de
Calhoun,Calvin,27.02.1996,true,Mr.,,info@PPS.de
Erickson,Charles,17.04.1970,true,Mr.,,info@SWE.de
Phillips,Angel,04.10.1962,false,Mr.,,info@PQA.de
Bryant,Sheri,19.05.1957,true,Mrs.,,info@CodeCast.de
Barr,Steve,17.02.1995,true,Mr.,,info@CWI.de
Thomas,James,01.01.1995,true,Mr.,,info@BitCard.de
Payne,Joseph,03.12.1964,false,Mr.,Dr.,info@OZZ.de
Romero,John,19.02.1982,false,Mr.,,info@TradeForge.de
Wiggins,Jose,26.10.1979,true,Mr.,,info@YQF.de
Simpson,Shawn,30.08.1973,false,Mr.,,info@Aureon.de
Knowles,Ruth,01.07.1955,false,Mrs.,,info@Wallace-Gilbert.de
Moss,Michael,24.12.1991,false,Mr.,,info@Timothy-Perez.de
Moore,George,12.08.1994,true,Mr.,,info@HomeShop.de
Blake,Julia,15.06.2001,false,Mrs.,,info@John-Davis.de
Davis,Justin,25.03.1971,false,Mr.,,info@EHJ.de
Odonnell,Andrew,18.03.1968,true,Mr.,,info@UGD.de
Maddox,Gary,18.07.1982,true,Mr.,,info@BitSpace.de
Benjamin,Nicole,13.08.1978,true,Mrs.,,info@LXU.de
Cox,Linda,08.09.1985,false,Mrs.,,info@Anthony-Gibson.de
Brown,Brian,08.02.1984,true,Mr.,,info@ClickMart.de
Sims,Nancy,26.07.1968,true,Mrs.,,info@Keith-Coleman.de
Howe,Joseph,06.09.1984,true,Mr.,,info@YourServe.de
Stein,Darrell,31.10.1962,true,Mr.,,info@LEB.de
Reed,Keith,27.09.2000,true,Mr.,,info@SGG.de
Williams,Beverly,27.09.1994,false,Mrs.,,info@Sartentis.de
Bryan,Edward,31.12.1976,false,Mr.,,info@Lawrence-Barnes.de
Dyer,Marie,06.07.1958,false,Mrs.,,info@Cephexis.de
Sullivan,Olivia,26.10.1987,false,Mrs.,,info@Entress.de
Richardson,Randy,30.06.1985,true,Mr.,,info@ObjectSpace.de
Lane,Pamela,18.03.1991,false,Mrs.,,info@Zachary-Carter.de
Hubbard,Curtis,06.04.1992,false,Mr.,Dr.,info@Ventureology.de
Olson,Earl,21.05.1978,true,Mr.,,info@HomeBot.de
Wilson,Ronald,12.03.1974,false,Mr.,,info@DataCast.de
Fletcher,Ashley,27.10.1968,true,Mrs.,,info@NOZ.de
Martin,Maria,18.07.1963,true,Mrs.,,info@MindWorks.de
Ward,Stephanie,08.08.1994,true,Mrs.,,info@GigaSphere.de
Patton,Norman,02.02.1985,true,Mr.,,info@Entreo.de
Lopez,David,29.03.1978,true,Mr.,,info@Roger-Wallace.de
Reynolds,Kenneth,20.11.1960,false,Mr.,,info@Lawrence-Powell.de
Norris,Maria,04.03.2002,true,Mrs.,Dr.,info@Dave-Sweet.de
Ward,Christine,18.02.1969,false,Mrs.,Dr.,info@CLH.de
Garcia,Kaye,09.02.1993,true,Mrs.,,info@CyberDirect.de
Kinney,Marie,25.06.1993,false,Mrs.,,info@Michael-Harvey.de
May,Gregory,06.03.1965,true,Mr.,,info@Medagon.de
Frazier,Dorothy,26.09.1978,true,Mrs.,,info@BookShop.de
Thompson,Vickie,04.12.1998,true,Mrs.,,info@Pententis.de
Jackson,Mabel,09.06.1987,false,Mrs.,,info@SiliconCast.de
Warren,Robin,26.07.1999,true,Mrs.,,info@Deltis.de
Carr,Martha,24.07.1981,false,Mrs.,,info@Infoology.de
Mitchell,Audrey,03.11.1994,false,Mrs.,,info@Polium.de
Wiggins,Carrie,10.04.1957,true,Mrs.,,info@NXY.de
Washington,Justin,16.12.1987,true,Mr.,,info@Henry-Madden.de
Clark,Jeannie,10.04.1968,false,Mrs.,,info@Roy-Schmidt.de
Cote,Leon,15.03.1974,true,Mr.,,info@Paul-Hoffman.de
Klein,Henry,16.04.1963,false,Mr.,,info@SDT.de
Harrison,Frederick,09.04.1979,true,Mr.,,info@NanoBase.de
Perez,Peter,11.07.1980,false,Mr.,,info@Joshua-Macdonald.de
Horton,Steven,14.09.1990,true,Mr.,,info@Michael-Hoffman.de
Smith,Lois,27.06.1988,false,Mrs.,Dr.,info@GHV.de
Lott,Jacqueline,06.04.1973,false,Mrs.,,info@Eric-Barker.de
Johnson,Amy,23.03.1957,true,Mrs.,,info@PED.de
Green,Lance,01.02.1991,false,Mr.,,info@XLX.de
Hogan,Nelson,11.08.1992,true,Mr.,,info@HLH.de
Johnson,Mildred,19.12.1982,true,Mrs.,,info@Andrew-Wheeler.de
Doyle,Shirley,05.11.1995,true,Mrs.,,info@FJH.de
Stephenson,Margaret,14.11.1961,false,Mrs.,,info@Johnny-Anderson.de
Richards,Elaine,11.12.1980,false,Mrs.,,info@ZUJ.de
Paul,Audrey,30.09.1971,true,Mrs.,,info@TVD.de
Mcguire,Mary,26.12.1995,false,Mrs.,,info@DataSet.de
James,Carla,08.06.1975,true,Mrs.,,info@LQJ.de
Berry,Tonya,26.05.1962,false,Mrs.,,info@GigaSystems.de
Mckinney,Gertrude,16.01.1972,false,Mrs.,,info@Donald-Sykes.de
Hooper,Carmen,05.04.1991,false,Mrs.,,info@Elotec.de
Lewis,Ruth,15.11.1977,true,Mrs.,,info@TradeCom.de
Matthews,Lillian,23.01.1984,false,Mrs.,Dr.,info@PZM.de
Moore,Andrew,28.08.1958,true,Mr.,,info@David-White.de
Lee,Hattie,03.06.2000,true,Mrs.,,info@Belium.de
Johnson,Mike,19.06.1988,true,Mr.,,info@Donald-Villarreal.de
Stephenson,Fred,30.08.1969,true,Mr.,,info@Cintos.de
Bass,Matthew,01.07.1955,false,Mr.,,info@AutoZone.de
Osborne,Rita,01.11.1978,false,Mrs.,,info@Celis.de
Mays,Edward,01.11.1988,true,Mr.,,info@David-Humphrey.de
Simpson,Jessie,30.08.1974,true,Mrs.,,info@Lanxesio.de
Johnson,John,23.04.1959,false,Mr.,Dr.,info@William-Thomas.de
Snyder,Ronnie,07.12.1983,false,Mr.,,info@TradeSpace.de
Workman,Ida,20.04.1969,false,Mrs.,,info@Novis.de
Crawford,John,24.04.1979,false,Mr.,,info@Medartis.de
Massey,Donald,23.01.1962,false,Mr.,,info@MicroPoint.de
Davis,Carol,28.04.1989,true,Mrs.,,info@SJX.de
Wong,Gwendolyn,12.02.1988,false,Mrs.,,info@Elmalon.de
Cherry,Lynda,15.07.1959,true,Mrs.,,info@DMP.de
Collins,Misty,30.09.1979,true,Mrs.,Dr.,info@Joseph-Moore.de
Young,Micheal,15.02.1995,true,Mr.,,info@BookScape.de
White,Marlene,23.06.1984,false,Mrs.,,info@Ben-Beck.de
Jones,Harry,01.10.1979,false,Mr.,,info@GON.de
Butler,Jimmy,30.05.1976,false,Mr.,,info@Epcesio.de
Gibson,Sharon,25.10.1976,true,Mrs.,,info@Sartalon.de
Lewis,Ruby,08.11.1957,true,Mrs.,,info@Justin-Jenkins.de
Matthews,Craig,01.10.1983,true,Mr.,,info@Curion.de
Tate,Thomas,22.06.1988,true,Mr.,,info@Anthony-Green.de
Anderson,Carol,19.05.1962,true,Mrs.,,info@LinkBit.de
Martinez,Wade,06.12.1985,true,Mr.,,info@Orbis.de
Green,Leona,25.04.1972,true,Mrs.,,info@FreeWorks.de
English,Jerome,18.08.1965,true,Mr.,,info@Lloyd-Jordan.de
Kaufman,Cheryl,17.08.1975,false,Mrs.,,info@PYL.de
Lopez,Robert,24.02.2001,true,Mr.,,info@Paron.de
Roach,Micheal,29.07.1996,true,Mr.,,info@Tom-Brown.de
Moore,Maria,10.11.1999,true,Mrs.,,info@Lawrence-Reynolds.de
Neal,Elizabeth,20.04.1976,true,Mrs.,,info@RFV.de
Munoz,David,21.01.2000,true,Mr.,Dr.,info@Microology.de
Wilson,Brian,25.07.1974,false,Mr.,,info@Albulus.de
Newton,Elizabeth,08.10.1978,false,Mrs.,Dr.,info@QIY.de
Ortiz,Phyllis,22.02.1996,true,Mrs.,,info@OYI.de
Bell,Glenna,11.09.1966,false,Mrs.,,info@Conexon.de
Perkins,Stacy,18.10.1964,false,Mrs.,,info@Lindicom.de
Williams,Barbara,23.12.1977,true,Mrs.,,info@GigaServe.de
Martin,Ramon,07.08.1977,false,Mr.,,info@DVK.de
Henderson,Edwin,13.11.1991,true,Mr.,,info@NRW.de
Brooks,Cindy,21.02.1968,true,Mrs.,,info@Robert-Bell.de
Nash,Patty,17.10.1972,false,Mrs.,,info@Illumeo.de
Caldwell,Loretta,31.07.1976,true,Mrs.,,info@MyFlash.de
Wyatt,Frederick,17.12.1994,true,Mr.,Dr.,info@KBA.de
Wallace,Jeffrey,25.06.1968,false,Mr.,,info@TechPoint.de
Mclaughlin,Matthew,04.05.1991,false,Mr.,Dr.,info@Arquos.de
Adams,Carol,15.11.1968,false,Mrs.,,info@FKK.de
Townsend,Leonard,08.05.1997,true,Mr.,,info@Howard-Turner.de
Callahan,Tony,29.12.1979,false,Mr.,,info@Centrexon.de
Shaw,Kenneth,17.11.1999,false,Mr.,,info@KFI.de
Williams,Ronald,26.10.1994,true,Mr.,,info@Curtis-Lopez.de
Rivera,Ann,04.05.1989,false,Mrs.,,info@CXT.de
Edwards,Loretta,05.12.1963,true,Mrs.,,info@Evalon.de
Miller,Nancy,12.02.1972,true,Mrs.,,info@Aaron-Lee.de
Dixon,John,05.06.1977,true,Mr.,,info@JFH.de
Rogers,April,14.11.1984,true,Mrs.,,info@Donald-Mcpherson.de
Miller,Angela,11.04.1976,false,Mrs.,,info@BND.de
Brooks,Inez,06.06.1983,false,Mrs.,,info@Procon.de
Vasquez,Mark,17.05.1959,true,Mr.,,info@YourStar.de
Dunn,David,24.06.1985,true,Mr.,,info@Robert-Cervantes.de
Tyler,Ricky,24.06.1983,true,Mr.,,info@Pulsos.de
Holt,Clara,04.01.1982,true,Mrs.,Dr.,info@Dennis-Marshall.de
Drake,Timothy,25.11.1988,false,Mr.,,info@Ventureology.de
Fernandez,Dorothy,23.10.1986,true,Mrs.,Dr.,info@XWK.de
Logan,Doris,23.06.1995,false,Mrs.,,info@PXX.de
Jones,Mary,30.09.1955,false,Mrs.,,info@Agrorius.de
Barton,Irene,19.03.1970,true,Mrs.,,info@Bryan-Charles.de
Smith,Justin,14.10.1959,true,Mr.,,info@TechQuest.de
Harrison,Floyd,18.06.1991,false,Mr.,,info@Sygninea.de
Golden,Cheryl,22.11.1976,true,Mrs.,,info@Procubis.de
Brown,Mary,05.08.1974,false,Mrs.,,info@Coneo.de
Wise,Rose,23.07.1965,false,Mrs.,,info@Epcia.de
Watson,Thomas,26.11.1969,false,Mr.,,info@Randy-Cameron.de
Delacruz,Ann,16.10.1957,true,Mrs.,,info@Jerome-Griffin.de
Hammond,Clifford,05.07.1984,false,Mr.,,info@Leum.de
Watson,Geneva,08.08.1967,true,Mrs.,,info@DynaStar.de
Lyons,John,29.07.1963,true,Mr.,,info@WireStar.de
Davis,Traci,28.07.1955,false,Mrs.,,info@BSG.de
Gibson,Rick,22.04.1969,false,Mr.,,info@HSO.de
Leblanc,Jerry,13.05.1992,false,Mr.,,info@QSD.de
Kaufman,Donna,05.04.1960,false,Mrs.,,info@BDR.de
Wilson,Tyrone,18.02.1975,true,Mr.,,info@Alada.de
Burnett,Jane,18.02.1996,true,Mrs.,,info@Synaxubis.de
Slater,Roy,21.01.1994,true,Mr.,,info@MyServe.de
Brady,Justin,08.08.1967,true,Mr.,,info@VBQ.de
Mcintosh,Maryanne,02.04.1964,false,Mrs.,,info@ECY.de
Bryant,Marion,15.06.1956,false,Mrs.,,info@DigiSystems.de
Lucas,Jamie,17.02.2002,false,Mrs.,,info@Elotec.de
Deleon,Jerome,04.11.1994,true,Mr.,,info@WebScout.de
Davis,Andrew,14.11.1988,false,Mr.,,info@CompuTech.de
Orr,David,19.12.1977,true,Mr.,,info@POI.de
Ball,Mary,09.07.1969,false,Mrs.,Dr.,info@QSC.de
Baldwin,Ruby,14.12.1999,false,Mrs.,,info@CodeScout.de
Parsons,Lloyd,07.11.1965,true,Mr.,,info@DDZ.de
Bryant,Mary,02.07.1978,true,Mrs.,,info@DynaZone.de
Fletcher,Hazel,02.12.1976,true,Mrs.,,info@DigiSet.de
Rogers,Arthur,12.03.1967,true,Mr.,,info@MicroVision.de
Henry,Rachel,13.08.1963,false,Mrs.,,info@Daryl-Aguirre.de
Cooper,Eleanor,23.12.1993,false,Mrs.,,info@Peter-Baird.de
Peck,Joseph,16.11.1989,true,Mr.,,info@Jeffrey-Palmer.de
Stevenson,Cynthia,03.05.1962,true,Mrs.,,info@Randall-Matthews.de
Curtis,Regina,14.02.1998,true,Mrs.,,info@MindScape.de
Stokes,Dianne,09.09.1983,false,Mrs.,,info@Artional.de
Chambers,David,05.08.1980,true,Mr.,,info@Christopher-Moore.de
Blackburn,Ricardo,23.08.1979,false,Mr.,,info@Centrulus.de
Stephens,Mary,19.04.1990,false,Mrs.,,info@Elon.de
Anderson,Ellen,23.08.1966,true,Mrs.,,info@YourCard.de
Lang,Louis,25.09.2001,true,Mr.,,info@SmartWare.de
Velasquez,Richard,30.05.1993,false,Mr.,,info@Wilagon.de
Abbott,Vicki,02.03.1969,true,Mrs.,,info@MAW.de
White,Leola,22.06.1979,true,Mrs.,,info@ENP.de
Burton,Phyllis,27.06.1999,true,Mrs.,Dr.,info@Sygnana.de
Anderson,Scott,14.01.1996,false,Mr.,,info@James-Stone.de
Mcgowan,Pauline,07.07.1969,false,Mrs.,Dr.,info@Scott-Orr.de
Ramirez,Donna,26.02.1976,true,Mrs.,,info@Cintess.de
Walker,Isabel,20.11.1986,false,Mrs.,,info@XAN.de
Hancock,Aaron,30.04.1986,true,Mr.,,info@Jose-Frederick.de
Fields,Adam,21.07.1998,true,Mr.,,info@Entrar.de
Garcia,Jean,01.03.1995,false,Mrs.,,info@Cintar.de
Turner,Peter,20.02.1987,false,Mr.,,info@Keith-Sosa.de
Davis,Roslyn,22.02.1970,true,Mrs.,Dr.,info@Illumium.de
Mullins,Carol,02.09.1996,true,Mrs.,,info@Procubis.de
Keller,Tim,19.05.1981,false,Mr.,Dr.,info@KPY.de
Oliver,David,19.10.1972,false,Mr.,Dr.,info@MicroQuest.de
Sanders,Leonard,23.05.1974,true,Mr.,,info@WUI.de
Salazar,Wendy,23.05.1971,true,Mrs.,,info@Alstrotec.de
Palmer,Paul,28.10.1974,true,Mr.,,info@BitForge.de
Browning,John,10.12.1957,true,Mr.,,info@Terry-Anderson.de
Mcdonald,James,27.09.1971,true,Mr.,,info@Arcinea.de
Johnson,Andrew,02.12.1968,false,Mr.,,info@TeleSpace.de
Matthews,Sandra,25.12.1963,false,Mrs.,,info@Deltulus.de
Ramsey,Earl,18.09.1981,true,Mr.,Dr.,info@TeleStation.de
Farley,Joni,19.11.1969,true,Mrs.,Dr.,info@Singorius.de
Mcintyre,Kyle,21.07.1973,false,Mr.,,info@RRB.de
Ellis,Lindsey,22.08.1973,false,Mrs.,,info@Scott-Forbes.de
Wood,Donald,01.03.1961,false,Mr.,Dr.,info@FEQ.de
Lopez,George,13.02.1972,false,Mr.,,info@HZV.de
Rowland,Ernest,14.08.1975,false,Mr.,,info@Mark-Davis.de
Shepherd,Jacob,09.12.1970,false,Mr.,,info@GPD.de
Cain,Mary,18.12.1963,false,Mrs.,,info@Cephulus.de
Watkins,Jacqueline,26.01.1983,false,Mrs.,,info@Ken-Brown.de
Lewis,James,18.11.1987,true,Mr.,,info@HEG.de
Taylor,Betty,10.12.1970,false,Mrs.,,info@ZDN.de
White,Ronald,25.09.1996,true,Mr.,,info@InfoPoint.de
Thomas,Elizabeth,11.04.1958,true,Mrs.,,info@DigiBot.de
Evans,Mary,02.05.1992,false,Mrs.,,info@Smartology.de
Mcdonald,Carlos,13.08.1991,false,Mr.,,info@Cinton.de
Harding,Adrienne,23.01.1970,false,Mrs.,,info@TradeQuest.de
Porter,Susan,09.04.1977,true,Mrs.,,info@Richard-Levine.de
Stone,Tiffany,17.09.1985,true,Mrs.,,info@Agrium.de
Wells,Mary,07.08.2000,true,Mrs.,,info@LQI.de
Harvey,Gloria,12.04.1994,true,Mrs.,Dr.,info@Pententis.de
Robertson,Bernard,21.01.1970,true,Mr.,,info@Synaxorius.de
Horton,Melissa,05.06.1992,false,Mrs.,,info@HotWorks.de
Gutierrez,Scott,09.01.2002,true,Mr.,,info@Illumubis.de
Wagner,Daniel,26.06.1965,false,Mr.,,info@Sygnalon.de
Brown,James,04.05.1959,false,Mr.,,info@VSG.de
Patterson,Haley,15.08.1971,false,Mrs.,,info@Eugene-Mcleod.de
Williams,Kelly,18.03.1994,true,Mrs.,,info@VentureCom.de
Colon,Kristin,23.10.1969,true,Mrs.,,info@Donald-Taylor.de
English,Joshua,21.01.1974,true,Mr.,,info@ZDD.de
Roberts,Virginia,25.07.1991,false,Mrs.,,info@Danny-Williams.de
Robinson,Alicia,24.07.1966,false,Mrs.,,info@Micheal-Norris.de
Johnston,Tonya,15.08.1998,true,Mrs.,,info@Pentium.de
Martin,Janice,17.02.1978,false,Mrs.,Dr.,info@Curon.de
Hutchinson,Violet,22.07.1965,true,Mrs.,,info@Stanley-Frank.de
Gonzalez,Martha,18.12.1984,true,Mrs.,,info@Timothy-Terry.de
Smith,Sharon,07.10.1998,false,Mrs.,,info@Jason-Lopez.de
Massey,Elvia,12.11.1961,false,Mrs.,,info@LUR.de
Moore,Victoria,23.02.1966,true,Mrs.,,info@Troy-Powell.de
Horne,Clara,02.06.1987,false,Mrs.,,info@Singeo.de
Holman,Rosa,01.07.1988,false,Mrs.,,info@HotWorks.de
Contreras,Doris,11.09.1998,true,Mrs.,,info@TJR.de
Houston,Lila,15.09.1967,true,Mrs.,Dr.,info@Michael-Wright.de
Jones,George,08.02.1981,true,Mr.,,info@Infinis.de
Parker,Stephen,20.04.1976,false,Mr.,,info@IDQ.de
Wright,Christopher,20.05.1984,true,Mr.,Dr.,info@Polium.de
Edwards,Kenneth,26.04.1998,false,Mr.,,info@FreeSpace.de
Washington,Troy,02.11.1981,true,Mr.,Dr.,info@Matthew-Howard.de
Scott,Lisa,04.08.1982,false,Mrs.,,info@MQG.de
Robinson,Velma,18.11.1993,false,Mrs.,,info@David-Thomas.de
Bates,Charlene,25.02.2002,false,Mrs.,,info@Medotec.de
Martinez,Elnora,11.07.1978,false,Mrs.,,info@HomePoint.de
Jones,Richard,21.11.1963,true,Mr.,,info@Esces.de
Powell,Michael,01.06.1967,false,Mr.,,info@BitBox.de
Moses,Carl,26.02.1990,false,Mr.,,info@IKH.de
Peterson,Lucille,01.04.1994,false,Mrs.,Dr.,info@Orbos.de
Kelley,Delores,06.11.1985,true,Mrs.,,info@John-Campbell.de
Mcintosh,Kimberly,10.09.1992,true,Mrs.,,info@VJN.de
Adams,Helen,15.12.1987,true,Mrs.,,info@AUL.de
Miller,Bertha,13.03.1983,false,Mrs.,,info@Brian-Simpson.de
Pickett,Katherine,14.02.1994,true,Mrs.,Dr.,info@YourDirect.de
Baker,Steven,15.02.1956,true,Mr.,,info@UUI.de
Shepard,Barbara,24.07.1986,true,Mrs.,Dr.,info@ClickWare.de
Oneal,David,24.03.1960,true,Mr.,Dr.,info@Frank-King.de
Peterson,Kimberly,27.12.1977,true,Mrs.,,info@Pares.de
Cooper,Jerry,31.01.1992,false,Mr.,,info@Douglas-Richardson.de
Duncan,Kimberly,30.12.1963,true,Mrs.,,info@Altexis.de
Hale,Stephen,12.07.1978,true,Mr.,,info@ZFQ.de
Kennedy,Joseph,09.08.1962,true,Mr.,,info@Synaxera.de
Cash,Louise,29.06.1994,true,Mrs.,,info@James-Thomas.de
Mitchell,Alan,26.09.1989,true,Mr.,Dr.,info@Sartex.de
Jones,Anne,10.04.1970,false,Mrs.,,info@WRS.de
Jones,Micheal,25.06.1999,true,Mr.,,info@Polional.de
Gardner,Theresa,22.02.1980,true,Mrs.,,info@John-Stone.de
Johnson,Barbara,10.10.1995,true,Mrs.,,info@CodeBase.de
Gonzales,Kevin,21.06.1999,true,Mr.,,info@George-Jones.de
Taylor,Michelle,10.03.1967,true,Mrs.,,info@Deltentis.de
Noel,Jackie,09.06.1976,true,Mrs.,,info@Danny-Avila.de
Nelson,Shawn,08.03.1983,true,Mr.,,info@BookMart.de
Palmer,Naomi,22.01.1962,true,Mrs.,,info@Frank-Rivas.de
Adams,Gerald,15.11.1997,true,Mr.,,info@OMX.de
Carey,Edward,21.06.1964,true,Mr.,Dr.,info@Conubis.de
Carter,Mark,28.08.1996,true,Mr.,,info@BookPoint.de
Hines,Sandra,29.10.1975,true,Mrs.,Dr.,info@HWT.de
Jones,Lindsey,27.07.1989,true,Mrs.,,info@Lindion.de
Cote,Fernando,23.01.1973,true,Mr.,,info@Medinea.de
Greene,Jeremy,16.09.1955,true,Mr.,,info@Celada.de
Peck,Robert,31.01.1988,false,Mr.,,info@Surtional.de
Davis,Timothy,01.05.1956,false,Mr.,,info@Envon.de
Bishop,Jordan,18.02.1968,true,Mr.,,info@ZRU.de
Gilliam,Curtis,26.07.1982,true,Mr.,,info@Cinton.de
Manning,Lisa,28.05.1962,false,Mrs.,,info@David-Williams.de
Blair,Thomas,06.07.1985,false,Mr.,,info@George-Scott.de
Hill,Robert,27.07.2000,true,Mr.,,info@Kevin-West.de
Mcleod,Lori,13.06.1955,true,Mrs.,,info@QFD.de
Price,James,04.02.1965,true,Mr.,,info@LMM.de
Smith,Jack,07.01.1965,false,Mr.,,info@Celor.de
Bray,James,26.10.1966,false,Mr.,,info@Artos.de
Johnson,Erin,11.01.1976,true,Mrs.,,info@Coneon.de
Hoover,Kim,25.07.1997,false,Mrs.,,info@Artium.de
Beach,Allan,01.03.1958,false,Mr.,,info@FreeDirect.de
Wilson,Stanley,01.06.1993,true,Mr.,,info@Michael-Hall.de
Hughes,Ricardo,08.04.1990,true,Mr.,,info@Michael-Jones.de
Vasquez,Michael,10.10.1976,true,Mr.,,info@John-Harris.de
Davis,Ellen,08.10.1960,false,Mrs.,,info@CodeNet.de
Sampson,Arlene,10.12.1980,true,Mrs.,,info@Solional.de
Velez,Margaret,01.08.1980,false,Mrs.,,info@DigiVision.de
Cook,Amy,11.02.1963,false,Mrs.,,info@Albess.de
Barker,James,14.08.1978,false,Mr.,,info@Pentana.de
Richardson,Ralph,10.02.1985,false,Mr.,Dr.,info@FJA.de
Rodgers,Renee,14.07.1991,true,Mrs.,Dr.,info@TechVision.de
Johnson,Susan,06.11.1981,true,Mrs.,,info@ITZ.de
Arnold,Sue,20.07.1979,false,Mrs.,,info@RealCom.de
Brown,Maxine,04.05.1971,false,Mrs.,,info@Evional.de
Holland,Joseph,13.03.1971,false,Mr.,Dr.,info@DCG.de
Patterson,Kevin,17.06.1991,true,Mr.,,info@WebWorks.de
Rice,Thomas,22.10.1960,true,Mr.,,info@OYR.de
Parrish,Julie,19.08.1958,true,Mrs.,,info@GWE.de
Shannon,James,09.02.1970,true,Mr.,,info@DVN.de
Page,Maria,20.03.1983,false,Mrs.,,info@William-Curry.de
Rice,Brenda,27.05.1999,false,Mrs.,,info@AutoCast.de
Aguilar,John,08.12.1969,false,Mr.,,info@Evalon.de
Livingston,June,25.01.2000,true,Mrs.,,info@Singion.de
Britt,Ruth,31.05.1998,true,Mrs.,,info@MIS.de
Hines,Mary,27.06.1970,false,Mrs.,,info@RDU.de
Norris,Evangelina,02.04.1965,false,Mrs.,,info@HomeDirect.de
Crawford,Karen,06.04.1966,false,Mrs.,,info@Agror.de
Lane,Ella,01.12.1977,true,Mrs.,,info@ATZ.de
White,James,23.10.1998,true,Mr.,,info@Roland-Mccall.de
Noble,Albert,06.02.1973,true,Mr.,,info@Infinina.de
Ward,Rachael,28.04.1980,false,Mrs.,,info@NanoQuest.de
Bell,Robert,04.02.1969,true,Mr.,,info@Belos.de
Thompson,Jerry,24.04.1993,false,Mr.,,info@CompuWorld.de
Craig,Brian,08.09.1984,false,Mr.,,info@LFP.de
Duncan,Cecilia,02.08.1972,true,Mrs.,,info@AutoScape.de
Harrison,Leroy,03.03.1966,true,Mr.,,info@KQM.de
Smith,Florence,13.11.1960,false,Mrs.,,info@Medera.de
Simpson,Dee,16.07.1969,true,Mrs.,,info@Arquana.de
Day,Chris,03.10.1965,true,Mr.,,info@VentureWorld.de
Richmond,Lenora,28.02.1960,true,Mrs.,,info@Celanum.de
Powell,Arthur,09.06.1982,false,Mr.,,info@BookCard.de
Phillips,Mary,21.02.2002,true,Mrs.,,info@YourForge.de
Taylor,Wesley,20.10.1963,true,Mr.,,info@LinkNet.de
Martin,Bobby,07.01.1971,false,Mr.,,info@Alexander-Jackson.de
Best,Lori,20.05.1969,false,Mrs.,Dr.,info@WCU.de
Ochoa,Nancy,15.05.1975,true,Mrs.,,info@NanoQuest.de
Jackson,Melissa,26.02.1984,true,Mrs.,,info@Richard-Yates.de
Curtis,Harold,16.12.1983,true,Mr.,,info@Lanxion.de
Reynolds,Rachel,03.01.1982,false,Mrs.,,info@Kelly-Clark.de
Woods,Ryan,15.02.1990,false,Mr.,Dr.,info@Tencis.de
Gutierrez,Melvin,26.12.1996,false,Mr.,,info@Vernon-Hunter.de
Wilson,Shawn,15.01.1997,true,Mrs.,,info@Polartis.de
Cooper,Gary,30.10.1996,true,Mr.,,info@DDK.de
Patton,Lula,13.06.1996,false,Mrs.,Dr.,info@MRK.de
Allen,Anthony,30.10.1990,true,Mr.,,info@Tencor.de
George,Latonya,21.09.1972,false,Mrs.,Dr.,info@UXI.de
Phillips,Gary,28.10.1986,true,Mr.,,info@Conexis.de
Schroeder,John,14.06.1968,false,Mr.,,info@AWU.de
Hartman,Christine,18.08.1989,true,Mrs.,,info@Michael-Hudson.de
Sims,Sean,19.02.1993,false,Mr.,,info@Arquicom.de
Castillo,Rosetta,27.11.2000,false,Mrs.,,info@Arquional.de
Wagner,Charlie,19.10.1987,false,Mr.,,info@BYY.de
Lee,Floyd,23.03.1961,false,Mr.,,info@HIC.de
Nguyen,Matthew,19.08.1977,true,Mr.,Dr.,info@Synaxartis.de
Barrera,Linda,04.10.1991,false,Mrs.,,info@Evion.de
Blair,Megan,24.11.1979,false,Mrs.,,info@James-Watts.de
Gutierrez,Matthew,21.01.1997,true,Mr.,,info@Polos.de
Stanley,Joan,17.12.1999,true,Mrs.,,info@QVZ.de
Soto,Edwin,27.04.1963,false,Mr.,,info@QID.de
Baker,Thomas,06.11.1966,true,Mr.,Dr.,info@James-Clarke.de
Jones,Kristy,29.08.1980,false,Mrs.,,info@Centrion.de
Mckinney,William,31.05.1990,false,Mr.,,info@RAR.de
Gonzalez,Stephanie,05.01.1990,true,Mrs.,,info@TechStar.de
Tate,April,28.05.1966,true,Mrs.,Dr.,info@Robert-Wells.de
Jacobs,Denise,12.01.1978,true,Mrs.,,info@TradeSphere.de
Fowler,Mary,09.09.1960,false,Mrs.,,info@LinkPoint.de
Watson,Kenneth,28.09.2000,true,Mr.,,info@BookScape.de
Taylor,Alex,19.10.1994,false,Mr.,,info@Deltium.de
King,Ralph,14.09.1971,true,Mr.,,info@MindSoft.de
Berger,Christina,04.01.1989,true,Mrs.,,info@HomeCom.de
Jordan,Marjorie,20.04.1979,false,Mrs.,,info@Charles-Blevins.de
Bennett,Joshua,02.03.2002,true,Mr.,,info@BitSoft.de
Ross,Scott,28.11.1997,true,Mr.,,info@UIN.de
Smith,April,28.12.1956,false,Mrs.,,info@Deltos.de
Roberts,Amanda,04.08.2001,false,Mrs.,,info@Synaxana.de
Roberts,Sandra,12.06.1955,true,Mrs.,Dr.,info@Alstror.de
Campos,Dorothy,14.10.1972,true,Mrs.,,info@Ration.de
Hernandez,James,27.10.1957,false,Mr.,,info@Deltion.de
Gomez,Mary,13.10.1973,false,Mrs.,,info@Sygneo.de
Smith,Willie,01.05.1978,true,Mr.,,info@Thomas-Daugherty.de
Morrison,Roy,20.03.1974,false,Mr.,,info@SUL.de
Davidson,Aileen,19.05.1983,false,Mrs.,,info@Robert-Kirkland.de
King,Thomas,09.10.1971,false,Mr.,Dr.,info@VentureBase.de
Burris,Enrique,20.10.1962,false,Mr.,,info@TWW.de
Massey,Robert,21.01.1964,true,Mr.,,info@MyWorks.de
Roach,Gerald,22.04.1994,true,Mr.,,info@Michael-Bass.de
Brown,Patricia,12.01.1961,true,Mrs.,,info@Robert-Ross.de
Norton,Karen,12.10.1981,false,Mrs.,,info@Joshua-Richard.de
Callahan,Nancy,25.08.1982,true,Mrs.,,info@YourStation.de
Lee,Zachary,12.06.1968,false,Mr.,,info@RealQuest.de
Hardy,Mae,03.11.1969,false,Mrs.,Dr.,info@Colium.de
Collins,Arnold,20.02.1985,false,Mr.,,info@Tencina.de
Castillo,Janie,20.11.1969,false,Mrs.,,info@BKE.de
Anderson,John,29.05.1987,true,Mr.,,info@Chris-Harris.de
Wise,Randall,13.12.1958,true,Mr.,,info@TechBox.de
Norton,Joseph,16.12.1989,true,Mr.,,info@EKR.de
Collins,Nancy,22.09.1988,true,Mrs.,,info@DJJ.de
Hall,John,29.01.1993,false,Mr.,,info@SolarCity.de
Duran,Philip,16.07.1955,true,Mr.,,info@Erik-Griffith.de
Roy,Ellen,24.08.1993,true,Mrs.,,info@Richard-Robinson.de
Chambers,Benjamin,06.09.1985,true,Mr.,,info@GDF.de
Adkins,Becky,19.07.1958,false,Mrs.,,info@James-Reynolds.de
Smith,Robert,06.05.2000,false,Mr.,,info@Celartis.de
Livingston,William,22.11.1958,true,Mr.,,info@Arquon.de
Craig,Morris,13.04.1974,false,Mr.,,info@Frank-Keith.de
Franco,Dorothy,21.07.1981,false,Mrs.,,info@Celis.de
Beck,Jeremy,12.08.1997,true,Mr.,,info@Andrew-Mathis.de
Gray,Ken,28.03.1978,false,Mr.,,info@Auror.de
Hall,Darryl,12.10.1973,false,Mr.,,info@Celicom.de
Parrish,Pamela,17.02.1984,true,Mrs.,Dr.,info@BitWorld.de
Perez,Pamela,29.12.1997,false,Mrs.,,info@Jaime-Griffin.de
Mathews,Bernice,31.10.1979,true,Mrs.,,info@Danny-Roberts.de
Sloan,Angel,12.06.1995,false,Mr.,,info@RIU.de
Sherman,Linda,01.04.1966,true,Mrs.,,info@Brian-Watson.de
Torres,William,25.01.1988,false,Mr.,,info@JRK.de
Kelly,Sharon,07.10.1959,false,Mrs.,,info@ZJC.de
Garcia,Helen,08.05.1958,true,Mrs.,,info@KCQ.de
Johnson,Anna,12.11.1997,true,Mrs.,,info@Alstrexon.de
Smith,Robert,06.12.1994,false,Mr.,,info@Christopher-Murphy.de
Silva,Gay,10.03.2001,false,Mrs.,,info@Elion.de
Bennett,Eva,12.02.1964,true,Mrs.,,info@Solis.de
Rivera,Helen,07.10.1976,false,Mrs.,,info@Bruce-Nelson.de
Carter,Rachel,06.02.1969,true,Mrs.,,info@Curon.de
Stokes,Adam,20.07.1976,true,Mr.,,info@Webology.de
Brooks,Tricia,02.04.1958,false,Mrs.,,info@Adam-Mathis.de
Mccormick,Susie,03.03.1988,false,Mrs.,,info@Jordan-Ortiz.de
Frazier,Lois,16.05.1973,false,Mrs.,Dr.,info@Robert-Thompson.de
Castillo,Alfredo,30.03.1973,false,Mr.,,info@Richard-Torres.de
Mcdaniel,Justin,31.01.1956,false,Mr.,,info@Alton.de
English,Jeffrey,09.02.1995,false,Mr.,,info@HTC.de
Barnes,Gerald,20.11.1970,false,Mr.,Dr.,info@Avoni.de
Torres,Nancy,22.06.1987,true,Mrs.,,info@BitNet.de
Curry,James,11.11.1957,false,Mr.,,info@FreeNet.de
Taylor,Linda,18.03.1998,false,Mrs.,,info@Synaxalon.de
Aguilar,Mark,03.04.1997,false,Mr.,,info@SiliconWorld.de
Sanders,Shelly,08.01.1990,false,Mrs.,,info@DataScout.de
Hansen,Jose,14.08.1955,false,Mr.,,info@WWB.de
Parker,Leon,25.10.1967,false,Mr.,,info@Conera.de
Burt,Rose,15.05.1981,false,Mrs.,,info@AutoDirect.de
Doyle,James,06.07.1993,true,Mr.,,info@PBZ.de
Patterson,Scott,02.04.1963,true,Mr.,,info@Curon.de
Jacobson,John,05.05.1985,true,Mr.,,info@William-Sargent.de
Fletcher,Jeanine,19.07.1968,true,Mrs.,,info@LHO.de
Adams,Tania,25.04.1990,false,Mrs.,,info@Kontreco.de
Carter,Diana,19.04.1991,true,Mrs.,,info@Sarton.de
Green,Courtney,30.08.1969,true,Mrs.,,info@Andrew-Thompson.de
Hernandez,Edward,24.11.1967,true,Mr.,,info@Soles.de
Cummings,Margaret,29.03.1972,true,Mrs.,Dr.,info@Steven-Barry.de
Pacheco,Grace,16.06.1974,true,Mrs.,,info@Celulus.de
Carter,Valerie,16.03.1998,false,Mrs.,,info@Alstragon.de
House,Adam,24.10.1956,false,Mr.,,info@NYR.de
Garner,Anthony,15.03.1973,false,Mr.,Dr.,info@Roy-Chambers.de
Cannon,Robert,18.03.1956,false,Mr.,,info@Robert-Oconnor.de
Garza,Jeanne,31.03.2001,false,Mrs.,,info@DynaPoint.de
Donovan,John,11.02.1994,true,Mr.,,info@Paris.de
Powers,Donna,09.09.1964,false,Mrs.,,info@Singartis.de
Nelson,Olga,03.08.1972,false,Mrs.,,info@Surtes.de
Clark,Terri,09.08.1963,true,Mrs.,,info@QCG.de
Hill,Greg,21.10.1989,false,Mr.,,info@DigiBase.de
Lopez,Jean,26.05.2001,false,Mrs.,,info@AFG.de
Jenkins,Kristine,18.11.1967,true,Mrs.,,info@Thomas-Davis.de
Mercado,Mary,18.12.1955,false,Mrs.,,info@Entrex.de
Kaufman,Patricia,14.11.1958,false,Mrs.,,info@MyMart.de
Cook,Vivian,27.11.1961,true,Mrs.,Dr.,info@XSU.de
Ray,James,02.12.1957,false,Mr.,,info@Curon.de
Ross,Matthew,14.08.1965,true,Mr.,Dr.,info@PowerShop.de
Robertson,Monica,30.12.1959,false,Mrs.,,info@CodeWire.de
Alvarez,Judy,26.01.1977,true,Mrs.,,info@Beless.de
Barrett,Charles,09.12.1977,true,Mr.,Dr.,info@Pulson.de
Reyes,Harvey,31.03.1959,false,Mr.,,info@AST.de
Erickson,Donald,01.07.1979,true,Mr.,,info@John-Bright.de
Ramirez,Vivian,04.10.1966,true,Mrs.,Dr.,info@Bradley-Hernandez.de
Hawkins,Barbara,07.05.1992,true,Mrs.,,info@Envor.de
Cooley,Mattie,24.01.1977,true,Mrs.,,info@SiliconCast.de
Franks,Juan,21.01.1958,false,Mr.,Dr.,info@Terry-Montoya.de
Harris,Cecelia,21.04.1997,true,Mrs.,,info@VentureDirect.de
Coleman,Vincent,10.11.1981,true,Mr.,,info@Tencess.de
Graves,Dolores,15.07.1998,true,Mrs.,,info@YYK.de
Compton,Donna,13.02.1965,false,Mrs.,,info@CAH.de
Jordan,Hazel,26.09.1999,false,Mrs.,,info@James-Gray.de
Howe,Janice,03.12.1987,true,Mrs.,,info@Kenneth-Morris.de
Black,Robert,09.05.1978,false,Mr.,,info@Brandon-Fernandez.de
Wilcox,Mildred,09.08.1962,true,Mrs.,Dr.,info@IYF.de
Holmes,Gary,03.06.1962,false,Mr.,,info@GVG.de
Howell,Betty,29.11.1970,false,Mrs.,,info@Elium.de
Davis,Brittany,31.12.1976,true,Mrs.,,info@Cody-Hall.de
Scott,Joann,18.02.1968,true,Mrs.,,info@DigiCast.de
Rasmussen,Stanley,16.07.1974,false,Mr.,,info@Joshua-Kline.de
Johnson,Nicholas,24.09.1998,false,Mr.,,info@TeleSpace.de
Perez,Andy,14.03.1972,false,Mr.,,info@MySystems.de
Brown,Anthony,09.05.1991,true,Mr.,,info@Leicom.de
Stewart,Marian,12.12.1967,false,Mrs.,Dr.,info@NGS.de
Morgan,Leroy,04.08.2001,true,Mr.,,info@Entreo.de
Bradley,Greg,11.11.2000,false,Mr.,,info@TeleStation.de
Mcpherson,James,28.07.1976,true,Mr.,,info@ZJA.de
Johnson,Laura,19.01.1988,false,Mrs.,,info@Procentis.de
Hickman,Albert,27.05.1984,true,Mr.,,info@PQQ.de
Kennedy,Richard,23.04.1962,false,Mr.,,info@CodeStar.de
Hudson,Ronald,10.05.1966,false,Mr.,,info@WMY.de
Price,Marlene,11.11.1991,false,Mrs.,,info@DQQ.de
Vaughn,Stephen,07.07.1955,true,Mr.,,info@IPQ.de
Dodson,Elsie,07.01.1967,true,Mrs.,,info@Lanxos.de
Perry,Gail,19.02.1974,true,Mrs.,,info@Kontrium.de
Malone,Susan,28.01.1969,true,Mrs.,Dr.,info@BQT.de
Foster,Jimmie,27.03.1988,false,Mr.,,info@CompuServe.de
Hughes,Jeffrey,18.12.1986,false,Mr.,,info@SmartServe.de